,is_rp,signup_start,signup_complete,active_after_7d
0,75.0,71.0,61.0,60.0
1,,0.9466666666666667,0.8591549295774648,0.9836065573770492
